Word,num_occurrences
aa,0
ability,21
abiotic,20
able,125
abnormal,0
absence,28
absent,8
absolute,8
absorb,26
absorbed,52
absorbent,0
absorbs,7
abundant,4
accelerate,2
accelerated,14
accelerates,4
accelerating,4
acceleration,105
acceptable,0
acceptance,0
accepted,10
access,10
accident,5
accidental,4
accidents,3
according,44
accounts,3
accumulation,9
accuracy,1
accurate,6
accurately,2
achieve,12
acid,281
acidic,70
acids,149
acorns,0
acquire,15
acquired,11
acres,0
across,107
act,53
acted,4
acting,72
action,75
actionatadistance,0
actions,19
active,14
actively,1
activities,268
activity,990
acts,55
adapt,5
adaptation,15
adaptations,21
adapted,24
adapting,0
adaptive,0
adapts,0
add,132
added,41
adding,29
addition,49
additional,18
adds,7
adenine,0
adh,0
adjacent,6
adjust,15
adjusted,2
adjusting,2
adjusts,1
ads,0
adult,33
adults,18
advance,8
advanced,6
advancement,1
advancements,1
advancing,0
advantage,20
adverse,1
advertisements,1
advertising,0
advise,5
aeration,9
aerobic,16
aerosol,3
affect,36
affected,32
affecting,9
affects,11
africa,7
afternoon,7
afterwards,1
age,68
ages,6
aggressive,0
ago,30
agree,9
agricultural,29
aid,7
aids,22
air,703
aircraft,2
airplane,0
airtight,5
al,25
alaska,1
alcohol,44
alert,4
algae,25
algal,0
alicia,0
alike,5
alive,20
alkaline,8
allele,0
alleles,0
allen,0
allergic,0
allow,72
allowed,23
allowing,7
allows,37
almost,22
alo,5
alone,14
along,209
alongside,0
alps,0
also,1079
alter,3
altered,2
altering,0
alternate,7
alternating,4
alternative,8
although,20
altitude,2
aluminum,2
always,116
america,4
americas,1
amfm,0
amino,12
ammonia,11
amoeba,46
amoebas,0
among,47
amount,208
amounts,42
amplified,5
amplitude,22
amu,1
analogous,4
analysis,4
analyze,0
analyzed,0
analyzing,0
anaphase,0
ancestor,6
anchor,2
ancient,40
anderson,0
andy,0
anemia,0
anemometer,8
angle,67
animal,139
animals,582
anna,0
anne,0
annual,6
another,304
answer,97
answered,9
antibiotic,5
antibioticresistant,0
antibiotics,24
antibodies,5
antidiuretic,0
antlers,0
antonia,0
apart,21
apartment,0
apartments,0
aphid,0
aphids,0
appalachians,0
apparatus,30
apparent,15
appear,86
appearance,30
appeared,6
appearing,8
appears,70
apple,24
apples,1
appliances,25
applied,60
applies,11
approach,10
appropriate,21
approximately,17
apron,0
aquarium,9
aquatic,30
aquifer,4
ar,8
archaea,1
arctic,0
area,197
areas,100
argon,9
argument,4
ariana,0
arid,1
arises,11
arizona,0
arkansas,0
arms,21
around,294
arranged,33
arrangement,37
arrived,4
arsenic,2
article,10
articles,38
artificial,43
arturo,0
asexual,36
asexually,3
ash,10
ask,75
asked,32
aspect,8
assemble,0
assembled,3
assembly,6
associated,27
assortment,0
assuming,4
assumption,1
asteroid,2
asteroids,8
asthenosphere,0
astronaut,4
astronomer,2
astronomers,2
astronomical,4
astronomy,11
astronomybased,0
ate,4
athlete,15
athletic,1
atlantic,2
atmosphere,133
atmospheric,38
atom,176
atomic,165
atoms,224
atp,14
attach,6
attached,39
attaching,0
attack,5
attempt,28
attention,3
attract,28
attracted,27
attracting,2
attraction,37
attracts,13
au,3
august,4
australia,4
author,1
automobile,7
automobiles,16
availability,31
available,128
average,82
averages,0
avoid,28
avoided,5
away,157
axis,49
axles,1
b,878
babies,9
baby,30
back,151
backbones,0
background,3
backs,0
bacteria,128
bacterial,12
bacterium,12
bad,7
bag,28
bags,65
baker,0
bakes,1
baking,36
balance,63
balanced,56
baleen,0
ball,193
balloon,57
balloons,24
balls,8
balsam,3
band,30
bands,5
bank,6
banks,1
bar,55
bare,3
bark,9
barometer,0
barrier,3
barriers,0
bars,1
basalt,0
base,75
baseball,0
based,66
basic,140
basin,0
basins,1
basketball,1
basketballs,0
bass,0
batter,1
batteries,4
battery,82
batterypowered,0
bay,3
bb,1
beach,2
beads,5
beaker,94
beakers,15
beams,3
bear,17
bears,7
beating,10
beautiful,17
beavers,0
became,14
become,121
becomes,105
becoming,13
bed,18
bedroom,0
bees,12
began,10
begging,0
begin,41
beginning,18
begins,44
behaves,9
behavior,0
behavioral,0
behaviors,0
believe,1
believed,5
believes,1
belonged,0
belt,4
belts,3
ben,0
bend,33
beneath,6
beneficial,6
benefit,4
benefited,1
benefits,13
bernice,0
beryllium,2
best,26
betacarotene,0
betsy,0
better,67
biased,0
bicycle,33
bicyclists,0
big,50
bigger,18
bike,0
bikes,0
bile,10
bill,1
billions,4
bills,0
bin,1
bind,2
binding,6
biodiversity,24
biofuel,0
biogas,18
biological,25
biologist,0
biology,8
bioluminescence,0
biomass,12
biomes,0
biomolecule,0
biosphere,31
biotechnology,0
bird,20
birds,69
birth,21
bison,2
bites,2
black,50
blackandwhite,0
bladder,21
blanket,10
blend,0
blender,0
blindness,5
blink,0
block,48
blocks,9
blog,0
blood,226
bloodstream,2
bloom,2
blooms,0
blow,24
blowing,17
blows,7
blue,94
board,37
boards,2
boat,26
boats,7
bodies,105
body,664
boil,15
boiling,64
boils,3
bolt,1
bond,20
bonds,33
bone,35
bones,84
bonfire,0
book,116
books,21
boots,0
born,30
boron,8
boston,0
bottle,108
bottled,1
bottles,26
bottom,51
boulder,0
boulders,0
bounce,0
bounces,3
boundaries,11
boundary,8
bowl,20
bowling,1
bowlshaped,0
box,87
boy,15
br,7
brackish,1
brain,48
brakes,17
braking,1
branch,13
branches,26
brand,1
brands,0
brazilians,0
bread,23
breads,1
break,51
breakdown,29
breaking,13
breaks,24
breath,8
breathe,51
breathes,3
breathing,66
breed,10
breeding,15
brianna,0
brick,12
bridge,2
bridges,5
bright,52
brightly,5
brightness,1
bring,78
brings,16
brittle,1
broader,1
broke,2
broken,44
bromide,3
bromine,8
broom,0
brothers,0
brought,37
brown,26
brush,10
brushing,7
bubbles,28
bubbling,0
bucket,24
buds,28
build,13
building,48
buildings,38
builds,1
buildup,1
built,15
buisson,0
bulb,187
bulbs,20
bulldozer,0
bulletproof,0
bumped,0
bundle,6
bundles,4
bunsen,3
buoyancy,7
buoyant,5
burial,0
buried,6
burn,51
burned,0
burner,12
burning,143
burns,27
bury,6
burying,0
bus,54
buses,6
bush,1
businesses,0
busy,8
butter,15
butterflies,5
butterfly,11
button,0
buy,15
buying,1
buzzing,3
c,660
cabin,0
cacti,3
cactus,5
cajon,0
cake,6
calcium,86
calculate,83
calculated,12
calculation,2
calculator,0
california,1
call,32
called,988
calories,0
cambium,1
came,16
camera,22
camouflage,2
camp,0
camper,0
campfire,0
camping,0
campsites,0
campus,16
canada,2
cancel,2
cancer,9
cancerous,0
candle,118
candles,10
candy,1
cans,10
cantaloupe,0
canyon,0
cap,16
capable,21
capacity,42
capillaries,9
caps,8
captivity,0
capture,12
captures,1
capturing,4
car,134
carbohydrate,8
carbohydrates,41
carbon,449
carbonate,43
carbonnitrogen,0
carburetor,0
cardboard,45
cardinals,0
carefully,101
cargo,0
caribbean,0
carnivores,10
carp,3
carpet,3
carpeted,0
carpool,0
carpooling,0
carried,39
carriers,1
carries,25
carrots,1
carry,72
carrying,31
cars,23
cart,27
carton,1
cast,1
cat,10
catcher,0
catches,9
categorize,0
categorized,0
caterpillar,10
caterpillars,11
cats,3
cattle,24
cause,136
caused,88
causes,99
causing,37
cavities,3
ceiling,4
cell,506
cellcycle,0
cells,496
cellular,29
celsius,11
cementation,0
center,1
centers,0
centimeter,0
centimeters,0
central,26
centuries,9
century,18
cereals,10
certain,103
ch,52
chain,43
chains,28
challenge,4
challenged,6
chameleon,1
chameleons,0
chance,10
chances,5
change,478
changed,41
changes,259
changing,44
channels,5
chant,0
characteristic,34
characteristics,108
characterize,0
characterizes,0
charcoal,17
charge,75
charged,71
charles,4
charlie,0
chart,28
charts,2
cheaper,7
check,50
checked,7
checking,2
cheek,6
cheese,6
chemical,311
chemically,7
chemicals,55
chemist,6
cherry,0
chewing,11
chicken,8
chickens,2
child,48
children,144
chill,0
chips,7
chloride,94
chlorine,50
chlorofluorocarbons,2
chlorophyll,35
chloroplast,5
chloroplasts,10
chocolate,0
cholesterol,0
choose,35
chromatids,0
chromium,11
chromosomes,31
chronic,13
chute,0
cigarettes,0
cilia,6
circle,19
circuit,215
circuits,31
circular,72
circulation,12
circulatory,13
circumference,1
circumstance,0
circumstances,3
cities,20
citrus,4
city,14
cl,37
claim,0
claims,0
class,187
classes,44
classification,54
classifications,1
classified,29
classify,23
classmate,8
classroom,26
clastic,0
claws,2
clay,19
clean,77
cleaned,8
cleaner,8
cleaning,22
clear,43
cleared,3
clearing,6
clearly,31
cliff,6
cliffs,0
climate,61
climates,4
climb,10
climbed,2
clippings,3
clock,31
clockwise,3
close,84
closed,22
closely,24
closeness,1
closer,15
closest,2
cloth,62
cloud,6
clouds,38
cloudy,6
clues,6
clump,0
clustered,0
clusters,3
cm,223
co,68
coaccretion,0
coagulation,0
coal,127
coalburning,0
coalpowered,0
coast,7
coastal,19
coastline,3
coastlines,1
coat,13
coated,8
coating,24
code,1
coded,0
codons,0
coffee,5
coil,101
coils,9
coin,31
coins,3
cold,104
coldblooded,2
colder,9
coldest,1
collapsed,0
collapses,0
collars,0
collect,110
collected,45
collecting,13
collects,8
college,21
collide,7
collides,1
collision,24
colony,4
color,0
colored,0
colorful,0
coloring,0
colorless,0
colors,0
column,99
columns,18
comb,16
combination,48
combinations,15
combine,21
combined,16
combining,21
combustion,55
come,138
comes,76
comet,9
comets,8
comfortable,10
commensalism,0
commercial,21
commercials,0
commission,1
common,170
communicate,3
communicating,1
communication,8
communities,10
community,19
compaction,0
companies,1
company,1
compare,82
compared,41
compares,0
comparing,3
comparison,11
compass,59
compete,3
competition,12
competitors,0
complementary,0
complete,82
completed,11
completely,71
completing,5
complex,81
component,46
components,133
composed,22
composition,25
compositions,1
compost,21
composting,6
compound,70
compounds,201
compress,7
compressed,17
compressional,0
computer,6
computers,4
concentrate,1
concentrated,26
concentration,40
concentrations,4
concern,11
concerned,5
concerning,3
concerns,7
conclude,32
concluded,4
conclusion,5
conclusions,4
concrete,4
condensation,17
condense,3
condensed,1
condensing,0
condition,22
conditioner,0
conditioning,0
conditions,102
conduct,40
conducted,11
conducting,32
conduction,27
conductor,120
conducts,7
confident,0
conflict,0
conformity,2
confused,8
conjugate,0
connected,83
connective,18
consequence,3
consequences,14
conservation,68
conserve,15
conserved,6
conserves,0
conserving,2
consider,91
considerable,15
considerably,1
considered,35
considering,3
consist,14
consistent,0
consists,61
constant,80
constantly,5
constellation,15
constellations,14
construct,9
constructed,11
constructing,4
construction,20
consume,17
consumed,30
consumer,0
consumers,19
consumes,4
contact,80
contain,98
contained,8
container,36
containers,22
containing,75
contains,92
contaminate,3
contaminated,8
contaminates,1
content,18
contents,25
contest,0
continent,1
continental,0
continents,0
continually,3
continue,36
continued,9
continues,24
continuing,1
continuous,33
continuously,24
contracted,2
contracts,9
contribute,16
contributed,10
control,76
controlling,4
controls,8
convection,16
convergent,0
converging,9
convert,34
converted,51
converting,3
converts,12
cooking,41
cool,34
cooled,11
cooler,15
cooling,13
cools,14
coolseason,0
cooperative,0
cooperativeness,0
copper,247
coral,0
corals,2
cord,11
cords,13
core,7
coriolis,0
cork,41
corn,2
cornfields,0
cornu,0
corporation,2
correct,73
correctly,8
cost,24
costs,0
cotton,93
could,257
count,19
counter,0
countries,13
couple,6
course,33
cover,86
covered,91
covering,23
covers,17
cow,27
cows,19
coyote,0
coyotes,0
crack,2
cracking,0
cracks,9
crater,0
craters,1
crawls,1
cream,16
create,27
created,31
creates,15
creating,8
creative,2
creatures,12
credit,4
crew,0
cricket,9
crickets,0
criminal,0
critical,1
crop,107
crops,99
cross,15
crossbred,1
crossed,1
crosspollination,6
crumpled,1
crushed,5
crushes,0
crushing,1
crust,18
crustal,0
crystal,7
crystallike,0
crystallization,0
crystals,31
cu,23
cube,2
cubes,0
cubic,3
culture,23
cup,30
cups,20
curly,2
current,411
currents,23
curved,31
custom,0
customer,1
customers,1
cut,100
cuts,2
cutting,32
cycle,51
cycles,4
cylinder,36
cytoplasm,42
cytosine,0
daily,49
dairy,6
dam,10
damage,50
damages,4
damp,0
dams,24
dangerous,20
dangers,0
dark,54
data,45
date,6
david,5
day,200
daylight,2
days,130
daytime,3
dc,8
dcell,0
ddt,0
dead,51
dealing,9
death,12
deaths,2
debris,3
decades,3
decay,11
decaying,14
decays,0
december,30
decibels,0
decide,35
decided,16
decides,11
deciduous,0
decimating,0
decline,0
declines,0
decompose,9
decomposed,10
decomposer,0
decomposers,13
decomposing,0
decomposition,24
decorative,0
decrease,21
decreased,6
decreases,40
decreasing,21
deep,35
deeper,19
deeperrooted,0
deeprooted,0
deer,14
defense,0
defined,28
definite,29
definition,8
deflect,4
defoliation,0
deforestation,33
deforested,1
degradation,4
degrees,7
delays,0
delete,0
deliberately,3
delivers,0
delta,1
deltas,2
demand,22
demonstrate,7
demonstrated,12
demonstrates,4
demonstration,4
den,0
dennis,0
dense,13
denser,14
densities,4
density,72
department,61
depend,44
dependent,16
depends,78
deplete,1
depleted,6
depleting,0
depletion,10
deposited,15
depositing,5
deposition,6
deposits,8
depressions,3
depth,16
depths,4
derek,0
desalination,0
descendants,0
descended,1
describe,43
described,17
describes,3
describing,6
description,6
descriptions,1
desert,33
desertlike,0
design,52
designed,25
designing,1
designs,21
desirable,11
desktop,0
destroy,7
destroyed,14
destruction,8
destructive,13
detail,13
detailed,3
details,5
detect,23
detector,6
detects,1
determination,5
determine,33
determined,20
determines,8
determining,8
deters,0
detroit,0
develop,56
developed,42
developing,27
development,90
develops,17
device,47
devil,0
devils,0
dew,1
dftd,0
diagram,56
diagrams,17
dialysis,4
diameter,23
diamonds,4
diaphragm,14
die,21
died,8
diesel,17
diet,42
diets,2
difference,187
differences,56
different,836
differentiate,11
differentiation,9
differently,8
differentsized,0
differs,5
difficult,43
difficulty,10
dig,22
digested,23
digesting,3
digestion,33
digestive,34
digests,2
digging,2
dilute,77
dim,6
dimensional,0
diminishes,0
dimples,0
dinosaur,1
dinosaurs,5
dioxide,200
dip,15
direct,24
directing,2
direction,351
directions,49
directly,67
dirt,11
dirty,9
disadvantage,2
disappear,18
disappearance,1
disappeared,3
disappearing,3
disasters,3
discard,4
discontinue,0
discourage,5
discovered,44
discoveries,4
discovering,1
discovers,0
discovery,21
discuss,107
discussed,58
discussing,10
discussion,15
disease,99
diseases,137
dish,28
disinfectant,0
disinfecting,0
disinfection,0
disks,1
dispersal,11
dispersing,3
displaced,28
display,7
displays,0
disposable,7
disposal,27
dispose,2
disposing,4
disproof,0
disprove,1
disproved,2
disregarded,0
disrupted,1
disruption,0
dissecting,0
dissipate,0
dissolve,51
dissolved,79
dissolves,12
dissolving,17
distance,319
distances,52
distant,22
distilled,26
distinctive,2
distinguish,14
distinguishes,0
distracted,0
distribution,21
disturb,5
diverge,5
divergent,0
diverging,4
diverse,6
diversity,26
divide,32
divided,14
dividing,21
diving,0
division,45
dna,57
doctor,39
doctors,9
documents,0
dog,13
dogma,0
dogs,11
dogwood,0
dolphins,5
domains,0
domestic,23
dominance,0
dominant,9
dominic,0
donate,5
donated,10
done,169
door,11
doorbell,1
doppler,0
dormancy,0
dormant,0
dose,1
double,28
doubled,8
dough,11
downhill,0
downriver,0
downstream,3
downward,11
drains,19
drank,1
draw,127
drawn,31
drier,0
drift,9
drifted,0
drill,8
drink,20
drinking,36
dripped,0
drive,4
driven,5
drivers,3
driveway,0
driving,6
drop,58
droplets,29
dropped,12
drops,62
drought,9
drove,1
drug,3
drummer,0
drums,1
dry,103
dryer,0
drying,17
duck,3
due,235
dump,3
dune,0
dunes,0
duplicating,0
dust,36
dwarf,1
dwarfism,1
dwellers,0
dynamic,6
dysentery,4
eagles,1
ear,56
earlier,74
earlobe,3
earlobes,4
early,32
ears,14
earth,324
earthmoonsun,0
earthquake,32
earthquakes,27
earthsunmoon,0
earthworms,14
ease,7
easier,27
easily,104
east,32
eastern,6
eastward,0
easy,37
eat,73
eaten,25
eating,27
eats,10
eclipse,7
eclipses,1
ecological,3
ecologists,0
economic,12
ecosystem,23
ecosystems,7
edge,11
edison,4
editor,17
effect,122
effective,23
effects,85
efficiency,21
efficient,17
efficiently,6
efforts,20
egg,84
eggs,87
eggshell,0
egyptians,0
eight,21
either,79
el,0
electric,472
electrical,96
electrically,3
electricians,2
electricity,176
electrodes,18
electromagnetic,10
electron,52
electronics,0
electrons,145
element,143
elements,267
elephants,9
elevation,0
elevations,0
elevator,0
elevenyearold,0
eliminate,3
eliminated,4
eliminates,1
eliminating,1
elk,0
else,8
embryo,40
embryonic,0
embryos,4
emerge,7
emergencies,1
emission,7
emissions,0
emit,4
emitted,5
empty,33
enable,15
enabled,0
enables,17
encircles,0
encoder,0
encountering,0
encounters,0
encourages,1
end,205
endangered,11
endocrine,21
endothermic,8
ends,74
energy,716
energyproducing,0
energysaving,0
engine,13
engineer,0
engineers,1
engines,8
england,3
engulf,1
enhanced,1
enormous,5
enough,59
ensure,37
ensures,8
enter,43
entered,8
entering,14
enters,36
entire,19
entirely,8
environment,146
environmental,28
environmentally,1
environments,1
enzyme,9
enzymes,15
epidemic,1
epidermis,13
epithelial,17
equal,145
equally,10
equals,3
equation,64
equations,44
equator,15
equatorial,1
equilibrium,3
equinox,0
equipment,11
eroded,1
erodes,0
eroding,0
erosion,18
error,0
errors,5
erupted,0
eruption,0
eruptions,2
escaping,0
esophagus,0
especially,26
essential,63
established,8
establishing,1
establishment,2
estimate,10
estimated,9
estimating,1
estuaries,1
estuary,0
ethan,0
ethane,7
ethanol,32
ethanolgasoline,0
ethical,0
euglena,1
euglenas,0
eukarya,0
eukaryote,0
eukaryotic,15
europa,0
evaluate,2
evaluating,0
evaporate,8
evaporated,3
evaporates,9
evaporating,1
evaporation,59
even,201
evening,9
evenly,6
event,9
events,14
eventually,14
ever,87
evergreen,1
every,119
everyone,7
everywhere,8
evidence,9
evolution,58
evolved,33
evolving,1
exact,10
exactly,28
examination,9
examine,12
examined,3
examining,4
example,361
examples,192
excellent,6
except,12
excess,22
exchange,29
exclude,0
excluded,0
excrete,10
excretory,16
exercise,25
exercising,0
exert,18
exerted,50
exerts,33
exfoliation,0
exist,31
existed,2
existing,3
exists,15
exothermic,16
expand,6
expanded,4
expands,13
expect,10
expected,7
expel,1
expensive,10
experience,50
experienced,10
experiences,37
experiment,58
experimental,6
experimentation,0
experimenting,0
experiments,26
explain,172
explaining,4
explains,12
explanation,11
explanations,3
exploded,0
exploding,0
explore,8
exposed,29
exposure,8
expressing,2
expression,8
extensive,6
extensively,4
external,36
extinct,5
extinction,4
extinctions,0
extinguished,4
extinguisher,8
extra,8
extracted,8
extrasolar,0
extreme,14
extremely,13
extrusive,0
eye,154
eyeglass,0
eyeglasses,3
eyes,92
eyesight,6
eyespot,0
f,226
fabry,0
faces,12
facial,4
facilitate,3
facilitates,5
fact,84
factor,17
factories,20
factors,61
facts,9
fade,0
fading,0
fair,1
fairly,6
fall,88
fallen,5
falling,38
falls,52
families,10
family,42
fan,18
far,87
farm,23
farmer,9
farmers,43
farmland,1
farms,7
farther,10
farthest,5
fast,37
faster,50
fastest,13
fat,23
father,11
fatigue,0
fats,49
faucet,0
faucets,0
faulting,0
faults,0
favored,0
favorite,0
fear,1
feathers,8
feature,10
features,36
fed,5
feed,22
feeding,16
feeds,7
feel,88
feels,5
feet,25
felipe,0
fell,7
felt,14
female,82
females,12
fence,2
fern,3
fernandez,0
ferris,0
fertile,9
fertilization,0
fertilized,0
fertilizer,3
fertilizers,20
fetus,0
fever,6
fewer,5
fibers,0
fibrous,14
field,202
fields,45
fierce,0
fifth,4
figure,207
filaments,5
file,1
filings,40
fill,101
filled,49
filling,6
fills,9
filter,48
filtered,11
filterpaper,0
filtration,26
final,42
finally,34
financial,1
find,588
finding,19
findings,15
finds,7
fine,34
finger,25
fingerprints,0
finish,4
finished,2
finishing,1
fins,6
fir,0
fire,92
fires,18
fireworks,2
first,204
firstaid,0
firstlevel,0
fish,114
fisheries,4
fishing,10
fission,27
fit,20
five,56
fixation,4
fixed,73
flagellum,1
flame,115
flammable,0
flares,0
flash,4
flashlight,0
flat,10
flats,0
flattened,4
flawed,0
flew,0
flexibility,9
flexible,5
flickers,2
flies,8
flight,8
flipping,0
float,27
floating,15
floats,7
flood,6
flooded,5
flooding,1
floor,60
floors,1
florida,0
flosses,0
flossing,0
flour,12
flourish,2
flow,96
flower,81
flowering,13
flowers,77
flowing,31
flows,67
fluctuate,0
fluctuations,0
fluid,37
fluids,11
fluorescent,11
fluorine,12
fly,22
flying,14
foam,8
focused,1
focuses,1
fog,9
folded,3
folding,4
follow,16
followed,22
following,358
follows,29
food,667
foods,16
football,14
footprint,0
force,573
forces,57
forecast,1
forecasting,3
foreign,6
forest,174
forested,0
forests,104
fork,9
form,334
formation,102
formations,0
formed,229
forming,25
forms,127
formula,95
formulating,0
forth,8
forward,30
fossil,38
fossilization,0
fossilized,0
fossils,20
found,215
four,83
fourchambered,2
fourmonth,0
fox,1
fractured,3
fracturing,0
freckles,0
free,68
freely,23
freeze,2
freezer,0
freezes,2
freezing,3
frequencies,16
frequency,61
frequent,4
fresh,35
freshwater,9
friction,126
frictional,11
frictionless,2
friend,58
friendly,7
friends,119
frog,21
frogs,14
front,62
frosted,0
frozen,3
fruit,34
fruits,74
frying,6
ft,2
fuel,92
fueled,0
fuelefficient,0
fueling,0
fuels,88
full,53
fully,11
function,85
functioning,21
functions,79
fungi,43
fungus,9
funnel,24
fur,12
furniture,5
fuses,13
fusion,24
future,12
fwc,0
g,208
gabbro,0
gain,19
gained,3
gains,8
galaxies,1
galaxy,0
galilei,4
galileo,17
gallbladder,0
gallons,0
gamete,9
gametes,28
gametophyte,0
garbage,88
garcia,0
garden,21
gardens,6
gas,224
gaseous,25
gases,120
gasoline,0
gasolinefueled,0
gasolinepowered,0
gather,5
gathered,2
gauge,1
gauges,0
gave,11
gcm,0
gemini,0
gene,13
general,38
generally,92
generate,45
generated,42
generation,47
generations,22
generous,0
genes,15
genetic,17
genetically,6
genome,0
genotype,0
genotypes,0
genus,5
geode,0
geographic,1
geographical,3
geographically,0
geologic,0
geological,2
geologist,0
geologists,0
geology,0
georgia,0
geothermal,5
germination,7
get,420
gets,135
getting,62
giant,6
giants,1
gibbous,0
gill,5
gills,22
girl,29
girls,39
giselle,0
give,251
given,355
gives,104
giving,31
glacial,2
glaciation,0
glacier,1
glaciers,3
glands,54
glass,246
glasses,11
glassware,0
global,25
globe,3
glories,0
gloves,3
glowed,0
glucose,42
glue,3
glycerol,5
gml,0
go,129
goat,16
goats,9
goes,49
goggles,0
going,44
gold,45
golden,5
goldfish,0
gone,10
good,102
got,43
gradual,5
gradually,26
graduated,1
grains,51
gram,40
grams,12
granite,0
granulated,1
granules,9
grape,1
graph,122
graphs,24
grass,34
grasses,4
grasshopper,0
grassland,2
grasslands,8
grassy,0
gravel,5
gravitational,40
gravity,38
gray,0
grazing,10
great,40
greater,57
greatest,4
greatly,3
greece,3
greeks,3
green,121
greener,0
greenhouse,18
greta,0
grew,1
grilling,0
grinding,6
grocery,1
ground,157
groundwater,28
group,218
grouped,21
groups,124
grouse,0
grow,133
growing,85
grown,40
grows,27
growth,149
guanine,0
guess,32
guide,8
guinea,0
gulf,0
gull,0
gum,6
gymnasium,0
h,232
habit,0
habitat,46
habitats,41
habits,10
hail,9
hailstorm,0
hair,87
hairs,5
half,61
halve,0
hammer,19
hand,196
handle,26
hands,51
handwriting,0
happen,81
happened,20
happens,161
hard,85
hardest,3
hardness,12
hardware,0
harm,17
harmed,2
harmful,64
harnessing,3
harsh,4
hartley,0
harvest,7
harvested,8
hat,3
hatch,7
hatching,1
hawaii,0
hawk,0
hawks,0
hay,2
hazardous,1
hcl,33
headaches,2
heading,2
heal,1
heals,0
health,86
healthier,1
healthy,52
hear,69
heard,49
hearing,35
heart,76
heat,291
heated,51
heater,21
heating,111
heats,2
heavier,16
heavy,46
height,129
heights,12
held,19
helens,0
helium,14
heliumfilled,0
helmet,0
help,241
helped,12
helpful,9
helps,89
hematite,0
hemisphere,3
henri,0
herbicides,4
herbivore,2
herbivores,12
herd,3
heredity,15
herring,0
heterotroph,0
heterotrophs,12
heterozygous,0
hibernate,0
hibernation,0
hidden,8
hide,6
high,139
higher,107
highest,22
highly,45
highpressure,1
hill,4
hills,4
hillside,2
himalayas,11
hind,1
hire,0
history,20
hit,21
hitting,5
hold,109
holding,27
holds,6
hole,31
holes,22
hollow,14
home,79
homeostasis,0
homes,27
homework,0
homologous,18
homozygous,0
horizontal,18
horizontally,6
hormone,38
horse,7
horses,5
horseshoe,4
hospitals,7
hot,146
hotter,11
hottest,2
hour,35
hourly,0
hours,55
house,51
household,11
houseplant,0
houses,21
however,190
human,242
humans,62
humid,12
humidity,18
humus,29
hundred,10
hungry,2
hunt,1
hunted,0
hunting,6
hunts,1
hurricane,6
hurricanes,0
hybrid,0
hydraulic,0
hydroelectric,1
hydroelectricity,0
hydrogen,178
hydropower,1
hydrosphere,2
hydroxide,77
hypotheses,0
hypothesis,1
hypothesized,0
hypothesizes,0
hzn,0
ice,47
iced,1
idea,58
ideas,18
identical,22
identification,4
identified,16
identify,77
igneous,0
ignited,3
ill,14
illness,2
illuminating,0
illustrated,13
illustrates,2
image,338
images,60
imbalance,1
immediately,23
immune,15
immunity,0
immunodeficiencies,0
impact,17
impacts,0
implement,5
importance,32
important,147
importation,0
impossible,6
improve,15
improved,10
improves,5
improving,6
impulse,15
impulses,17
impurities,33
inability,0
incandescent,3
incisions,0
incline,0
include,66
included,5
includes,19
including,40
incomplete,6
inconsistent,0
increase,91
increased,38
increases,77
increasing,76
indefinite,1
independent,16
india,156
indicate,39
indicated,18
indicates,35
indication,4
indicator,34
individual,78
individuals,61
indoor,0
industrial,32
industries,40
industry,18
inertia,24
inexhaustible,3
inexpensive,0
infected,15
infecting,6
infection,29
infectious,36
inference,4
inferred,1
infiltration,4
inflate,5
influence,12
influenced,1
influences,0
inform,2
information,95
informed,2
infrared,0
ingredients,18
inhabit,1
inhabitant,0
inhabited,1
inhale,13
inherit,3
inheritance,24
inherited,23
initial,48
initially,9
injuries,2
inland,4
inner,42
inorganic,10
input,9
inquiring,0
inquiry,2
insect,21
insecticide,0
insecticides,3
insects,40
insert,19
inside,172
insoluble,18
instead,61
instructions,2
instruments,22
insulated,9
insulation,11
insulator,8
insulin,9
integumentary,0
intelligence,0
intelligent,3
intended,0
intense,3
intensified,0
intensifies,0
interact,7
interacted,0
interaction,15
interbreed,0
interfere,1
interference,0
interior,5
internal,23
internet,13
interpret,4
interrupts,0
intervals,27
interviews,0
intestine,54
intestines,3
introduce,6
introduced,12
introduction,6
intrusive,0
invading,1
invalid,0
invasion,1
invasive,0
invented,4
invention,7
invertebrate,1
invertebrates,1
investigate,12
investigated,1
investigates,0
investigating,3
investigation,0
investigations,3
involve,18
iodine,42
ion,30
irene,0
iron,332
irregular,12
irregularly,1
island,2
islands,3
isotope,7
isotopes,24
issued,3
issues,14
item,20
items,103
ivy,0
j,60
jackrabbit,0
jake,0
janitor,0
january,16
jar,33
jars,5
jaws,0
jefferson,0
jenny,0
jeremy,0
jerry,0
jet,3
jetfueled,0
jetpowered,0
jewelry,0
jo,0
jobs,1
jog,0
john,6
join,26
joining,12
jordan,0
joshua,0
joules,5
journal,2
juice,49
july,5
jump,8
jumping,2
june,9
jupiter,18
k,86
kangaroo,0
kangaroos,1
kcl,2
kclo,0
keen,6
keep,157
keeps,29
kentucky,0
kept,69
kernels,0
keys,1
kg,154
kicked,1
kicks,3
kidney,20
kidneys,24
kids,0
kill,25
killed,3
kills,8
kilogram,9
kilometer,0
kilometers,0
kilowatts,1
kind,117
kinds,80
kinetic,53
kingdom,5
kira,0
kit,2
kitchen,23
kitchens,0
kite,4
kitten,0
km,119
kmh,20
kmsec,0
knife,9
knitted,2
know,445
knowledge,28
known,251
l,132
lab,1
label,31
labeled,0
laboratory,32
lack,21
lacks,1
lactic,9
laid,7
lake,11
lakes,33
lamp,17
land,98
landdwelling,0
landfill,7
landfills,0
landforms,0
landing,0
lands,10
landscape,4
landscaping,0
landslide,0
landslides,1
language,7
large,299
largemouth,0
larger,71
largescale,3
largest,16
larva,7
larval,0
las,0
lasers,0
last,42
lasts,10
late,3
later,61
latest,2
latex,0
latitude,3
laundry,2
lava,0
law,127
lawn,1
lawns,4
laws,53
lay,20
layer,130
layers,54
laying,3
lays,8
leaching,0
lead,72
leading,13
leaf,103
leafeating,0
leaks,1
lean,1
learn,83
learned,2
learning,70
learns,0
least,41
leather,8
leave,35
leaves,251
leaving,13
led,33
left,108
leg,7
legs,27
lemon,39
lemonade,5
length,212
lens,246
lenses,59
leopard,6
less,104
lets,6
letter,31
letting,0
level,95
levels,54
lever,2
library,12
lick,0
lid,14
lie,21
life,301
lifecycle,0
lifting,6
light,558
lightbulb,0
lighter,20
lightning,56
lights,11
lightweight,0
lightyear,0
lightyears,0
like,522
likelihood,0
likely,48
likes,1
limbs,5
lime,56
limestone,3
limit,10
limited,27
limiting,1
limits,3
line,179
lined,4
lines,82
lining,27
linked,21
lion,16
lions,7
lipid,0
liquid,157
liquids,70
lisa,0
list,127
lists,4
lit,1
liter,0
liters,0
lithium,9
lithosphere,2
lithospheric,0
litmus,57
litter,3
little,97
livable,0
live,97
lived,8
liver,23
lives,32
livestock,14
living,255
lizard,9
load,12
local,45
located,31
location,20
locations,8
lodges,0
log,3
loggerhead,0
loggers,0
logging,3
long,189
longer,50
longest,2
longitude,0
longitudinal,11
longterm,8
look,253
looked,11
looking,35
looks,17
loose,24
loosen,3
lose,30
loses,14
losing,5
loss,50
lost,31
lot,52
lotion,0
lots,7
loud,10
louisiana,0
low,75
lower,38
lowered,6
lowers,1
lowest,12
lowpressure,4
lumber,0
lumps,2
lunar,2
lung,6
lungs,62
lustrous,7
lyse,0
lysosome,0
lysosomes,10
lysozyme,0
machine,20
machines,29
macromolecule,0
macromolecules,0
made,362
magma,0
magnesium,110
magnet,190
magnetic,156
magnetism,7
magnetizing,0
magnets,61
magnification,30
magnifying,20
main,49
maine,0
mainly,34
maintain,33
maintaining,16
maintains,5
major,90
majority,5
make,468
makes,99
makeup,1
making,151
malleable,8
mammal,2
mammals,9
man,18
manage,8
management,59
mangrove,0
manipulated,0
mantle,1
manufacture,11
manufactured,3
manufacturers,2
manufacturing,8
many,547
map,26
maps,1
marble,34
march,8
margin,3
margins,1
marie,1
marigolds,0
marine,18
marked,22
marker,3
market,19
marketing,0
markings,1
mars,18
marsh,1
marshall,4
marshmallows,0
marshy,2
marta,0
martin,2
martins,1
mary,1
maryland,0
masks,2
mass,373
massachusetts,0
masses,50
massive,4
mat,1
match,35
matched,0
matches,2
matching,1
mate,1
material,222
materials,252
mates,2
mathematical,2
mating,1
matt,0
matter,157
maturation,10
mature,18
matures,2
maximum,63
maxwell,0
may,626
maze,0
meadow,0
meal,11
meals,9
mean,67
means,135
measurable,2
measure,116
measured,48
measurement,32
measurements,16
measures,37
measuring,55
meat,23
meats,0
mechanical,30
mechanism,22
media,25
median,0
medication,0
medications,0
medicine,7
medicines,20
medium,146
meet,31
meetings,0
meiosis,5
melinda,0
melt,16
melted,1
melting,47
melts,11
meltwater,0
members,38
membrane,98
membranebound,9
membranes,5
men,8
mesophyll,0
message,8
messages,6
messenger,1
metabolic,5
metabolism,3
metal,231
metals,265
metamorphic,0
metamorphosis,8
metaphase,0
meteor,7
meteorite,2
meteoroids,0
meteorologist,0
meteors,8
meter,6
meters,2
methane,20
method,63
methods,75
mexico,1
mg,30
mgbr,0
mgcl,5
mh,1
miami,0
mice,4
michael,3
michigan,0
miconia,0
microorganism,3
microorganisms,92
microphone,2
microscope,44
microscopes,6
midday,1
middle,48
midnight,0
midocean,0
might,132
migrate,5
migrated,0
migrates,0
migrating,0
migration,6
migratory,8
mild,6
mileage,0
miles,1
milk,112
milky,10
milliliter,0
milliliters,0
millimeter,0
millimeters,0
millions,27
mills,4
mimic,0
mina,1
mine,3
mineral,15
minerals,70
mining,2
minutes,74
mirror,361
mirrors,82
missing,2
missy,0
mistakes,1
mitochondria,13
mitochondrion,0
mitosis,3
mitotic,0
mix,30
mixed,48
mixer,2
mixes,6
mixing,22
mixture,160
mixtures,34
ml,81
mode,36
model,46
models,5
moderate,3
modern,38
modification,3
modified,15
modify,0
moist,22
moisture,32
mold,1
molding,0
molecular,32
molecule,59
molecules,109
molly,0
molten,10
momentum,47
monarch,0
monday,0
money,11
monica,0
monitoring,9
monoxide,9
month,24
months,20
moon,144
moonearthsun,0
moonlight,0
moons,8
moonsunearth,0
moose,0
morning,19
mosquitoes,12
moss,4
mostly,16
moth,28
mother,39
moths,10
motion,425
motivated,0
motor,29
mount,5
mountain,19
mountainous,3
mountains,20
mouse,2
mouth,84
mouths,6
move,317
moved,53
movement,140
movements,64
moves,115
movie,1
moving,232
mr,0
mrna,0
ms,36
much,154
mud,13
muffler,1
multicellular,47
multiple,12
muscle,54
muscles,90
muscular,36
mushroom,4
music,14
musical,22
mussels,2
must,213
mutate,0
mutating,0
mutation,0
mutations,0
mutualism,0
n,1267
na,38
nacl,14
nail,56
nails,28
name,177
named,29
names,39
nanotubes,0
naoh,15
naomi,0
narrow,19
national,94
native,2
natural,204
naturally,23
nature,188
nausea,0
navigation,2
ne,8
near,178
nearby,42
nearest,11
nearly,23
nebula,0
necessary,84
need,241
needed,48
needle,98
needles,0
needs,72
negative,56
negatively,7
neighborhood,1
neither,19
neon,8
neptune,4
nerve,42
nerves,12
nervous,35
nest,1
nesting,0
nestlings,0
nests,2
net,22
neutral,26
neutralization,0
neutralize,0
neutron,5
neutrons,20
nevada,0
new,335
newer,1
newly,3
newspaper,28
newspapers,22
newton,27
newtons,4
next,96
nh,5
nicer,0
niche,3
nick,0
nickel,14
night,64
ninth,0
nio,0
nitrates,7
nitrogen,133
nocturnal,0
noise,36
nonaggressive,0
noncommercial,0
nonconductor,0
noninfectious,4
nonliving,25
nonmagnetic,6
nonnative,0
nonreactive,1
nonrenewable,4
nonstick,2
nonvascular,0
nonwoody,0
noon,1
normal,78
normally,34
north,64
northeast,5
northeastern,1
northern,5
northward,0
northwest,1
nose,17
note,191
notebook,43
notes,13
nothing,6
notice,78
noticed,64
notices,0
notify,0
november,19
nt,6
nuclear,61
nuclei,21
nucleic,8
nucleotides,0
nucleus,118
number,421
numbers,34
numerous,9
nurse,1
nutrient,17
nutrientladen,0
nutrientrich,1
nutrients,124
nutrition,63
nutritional,9
oak,0
object,686
objective,2
objects,366
observation,33
observations,155
observe,418
observed,119
observes,1
observing,15
obsolete,0
obtain,50
obtained,133
obtaining,24
obtains,3
occupied,6
occupies,7
occur,56
occurred,11
occurrence,5
occurrences,0
occurring,14
occurs,48
ocean,29
oceanic,0
oceans,29
october,17
odor,0
officers,1
offspring,11
often,92
oh,25
ohms,18
oil,108
old,44
older,10
omitted,1
omnivores,4
one,1043
onehalf,2
onehundred,0
ones,53
onethird,3
oneyear,0
onto,9
ontonagon,0
opaque,29
open,96
opened,0
opening,18
opens,5
operate,9
operating,0
opinion,4
opportunities,9
opportunity,8
opposes,8
opposing,4
opposite,79
options,6
oral,3
orange,19
orbit,26
orbited,0
orbiting,4
orbits,13
order,103
ordered,4
ordering,0
ore,8
organ,29
organelles,35
organic,47
organism,99
organisms,438
organization,0
organize,0
organized,0
organizing,0
organs,96
origin,16
original,29
originally,0
originate,1
orion,10
osmosis,14
others,77
otherwise,21
outcome,4
outcroppings,0
outdated,0
outdoor,1
outer,59
outlets,2
outline,18
output,6
outside,82
oven,4
overabundance,0
overall,4
overcome,13
overcrowding,3
overfishing,0
overgrowth,0
overhead,4
overhunting,0
overload,1
overlying,0
overnight,4
overpopulate,0
overpopulated,0
ovule,12
owls,1
owners,0
oxide,89
oxides,66
oxygen,350
ozone,43
pacific,2
package,0
pail,0
pain,10
paint,9
pair,43
pairs,16
palm,18
palms,3
pan,27
pandemic,0
pane,0
panels,3
paper,376
papers,12
parachutes,5
paragraph,3
parallel,89
paramecium,4
parasites,12
parasitic,7
parasitism,0
parent,24
parents,67
park,29
parked,4
parking,0
parks,15
part,262
partially,7
participated,1
particle,30
particles,289
particular,85
partly,10
parts,273
party,3
pass,81
passage,19
passed,30
passes,37
passing,32
past,14
pat,1
path,73
pathogenic,0
pathogens,6
paths,6
pathway,3
patient,9
patients,10
patrick,0
pattern,42
patterns,34
pawing,0
paws,5
pay,2
pea,12
peach,0
peaches,0
peanuts,0
pear,1
pebbles,8
peerreviewed,0
pencil,47
pencils,5
penguins,4
people,209
pepper,0
peppers,0
peptide,0
peptides,0
per,79
perceived,0
percent,1
percentage,24
percentages,2
perform,80
performance,3
performed,26
performing,16
performs,12
period,113
periodic,94
periods,18
permian,0
peroxide,0
person,116
personal,11
perspiration,0
persuade,0
pest,1
pesticide,2
pesticides,14
pestresistant,0
pests,14
pet,6
petal,2
peter,2
petrified,0
petroleum,78
pets,0
ph,57
pharmaceutical,0
phase,8
phases,13
phenomena,35
phenomenon,40
phillip,0
phloem,29
phone,33
phones,2
phonograph,0
phospholipid,0
phosphorous,3
phosphorus,27
photograph,1
photographs,7
photography,1
photosynthesis,84
photosynthesize,0
photosynthetic,2
phrases,1
phylum,1
physical,130
physically,5
physician,3
physicist,7
phytoplankton,0
pick,9
picture,20
pictured,0
pie,2
piece,169
pieces,113
pierced,0
pigs,0
pile,5
piles,0
pill,0
pine,2
pinhole,20
pioneer,0
pipe,35
pipeline,1
pitcher,12
pith,0
place,534
placebo,0
placed,115
places,100
placing,16
plain,2
plains,4
plan,8
plane,99
planet,50
planetary,3
planets,61
plankton,0
planned,3
planning,2
plans,0
plant,375
planted,7
planting,6
plantlike,0
plants,777
plasma,34
plastic,149
plastics,73
plate,64
plateau,1
plates,20
play,49
player,14
plays,13
plentiful,1
plenty,6
plugged,1
pluto,2
pm,6
pneumatic,0
pockets,0
point,202
pointed,14
pointing,6
points,95
poison,2
poisonous,16
polar,25
pole,89
poles,48
polished,8
pollen,34
pollinate,0
pollinated,0
pollinating,0
pollination,11
pollinators,0
pollock,0
pollutants,27
polluted,18
pollution,100
polymerase,0
polysaccharide,0
pond,27
ponds,34
pool,5
pools,2
poor,58
pop,6
popcorn,0
popped,0
popular,10
population,66
populations,14
porcelain,1
porous,8
portion,32
position,202
positions,41
positive,62
positively,10
positivelycharged,1
possibility,9
possible,152
post,2
poster,3
pot,20
potassium,71
potential,114
pots,16
potted,9
pounded,0
pour,59
poured,11
pouring,4
pours,1
powder,54
powdered,10
powdery,3
power,135
powered,1
practical,8
practice,11
practices,35
prairie,0
precaution,3
precious,13
precipitates,1
precipitation,4
precise,4
precisely,0
predation,0
predator,0
predatorprey,0
predators,6
predict,11
predictable,0
predicted,9
predicting,0
prediction,6
predictions,0
preexisting,3
preference,0
preferred,7
prepare,80
prepared,43
preparing,14
presence,87
present,236
presentation,2
presented,8
presents,0
preserved,6
press,25
pressed,10
pressure,218
pressures,3
prettiest,0
pretty,0
prevailing,3
prevalence,0
prevent,49
prevents,20
previous,53
prey,16
preyed,0
price,16
prickly,0
primarily,2
primary,11
primitive,7
principal,73
principle,29
prism,39
private,0
probability,0
probably,14
probe,0
problem,45
problems,48
procedure,3
procedures,0
process,360
processes,105
processor,0
produce,163
produced,182
producer,1
producers,7
produces,60
producing,36
product,48
production,114
productive,1
productivity,3
products,115
professional,2
program,0
progress,6
project,22
prokaryote,0
prokaryotic,12
proof,5
propane,6
proper,42
properly,19
properties,188
property,62
prophase,0
proposed,16
proposes,0
protect,59
protected,22
protection,22
protective,16
protectors,0
protects,16
protein,25
proteins,69
protist,0
protists,0
proton,12
protons,34
prototype,0
prove,5
proven,0
proves,5
provide,78
provided,31
provides,45
providing,23
proximity,0
pseudopodia,8
public,27
publish,1
published,15
puddle,0
puffy,0
pull,55
pulled,15
pulling,18
pulls,15
pumice,1
pumping,3
pumpkin,1
pumps,8
pupa,5
puppies,1
puppy,0
purchase,2
pure,72
purification,5
purple,4
purpose,38
purposes,23
push,75
pushed,24
pushes,13
pushing,24
put,161
puts,4
putting,16
puzzle,8
q,181
quality,59
quantity,50
quarried,0
quarry,0
question,50
questions,100
quick,12
quickgrow,0
quickly,34
quiet,1
quietest,0
r,221
rabbit,5
raccoon,0
race,4
radar,1
radiant,1
radiates,0
radiation,25
radiator,1
radio,10
radioactive,0
railroad,0
rain,88
rained,2
rainfall,57
rainforest,6
raining,3
rains,33
rainstorms,0
rainwater,35
rainy,16
raise,8
raising,4
raisins,2
ramp,0
ran,4
ranches,0
random,3
range,43
ranges,5
ranked,1
rapid,10
rapidly,18
rare,2
rarely,6
rate,132
rates,9
rather,29
ratios,1
rats,4
rattlesnake,0
ravi,0
raw,36
rays,62
reach,65
reached,22
reaches,39
reaching,21
react,60
reactant,6
reactants,17
reacted,4
reacting,3
reaction,221
reactions,117
reactive,46
read,75
readily,6
reading,63
reads,7
ready,24
realize,0
realizes,0
really,21
rear,14
reason,72
receded,0
receive,22
received,11
receives,17
receiving,2
recent,11
recently,12
recessive,5
recharging,0
recipe,0
reclassified,0
recognize,0
recognizing,0
recombination,1
recommended,2
record,85
recorded,13
recording,7
records,4
recover,7
recovered,3
recreational,0
recrystallization,0
recrystallized,0
rectangular,22
recycle,14
recycled,17
recycling,10
red,114
reduce,56
reduced,49
reduces,16
reducing,14
reduction,14
reef,0
reefbuilding,0
reefs,0
reevaluate,0
referring,2
reflect,10
reflected,88
reflecting,32
reflective,0
reflects,8
refract,3
refracted,6
refracting,9
refracts,0
refrigerant,0
refrigerate,0
refrigerator,8
region,85
regional,17
regions,95
regulated,6
regulates,8
regulation,1
reintroduced,0
reintroduction,0
rejected,0
rejection,1
related,57
relatedness,0
relating,3
relation,21
relationship,25
relationships,13
relative,57
release,47
released,65
releases,14
releasing,9
reliability,0
reliable,5
relieve,2
remain,36
remained,4
remaining,17
remains,65
remember,64
remixed,0
removal,25
remove,62
removed,60
removes,4
removing,18
renewable,8
renewal,0
repair,12
repare,0
repeat,73
repeated,14
repeating,6
repeats,4
repel,14
repels,1
repetition,1
replace,30
replaced,15
replaces,2
replacing,4
replanting,0
replenished,4
replication,0
report,29
reporter,0
reporting,1
reports,19
represent,41
representation,8
represented,55
representing,9
represents,31
reproduce,51
reproduces,9
reproduction,170
reproductive,74
reptile,0
reptiles,7
require,41
required,82
requirement,14
requirements,30
requires,16
research,37
researched,0
researcher,0
researchers,0
researches,1
reserves,13
residents,4
resist,9
resistance,104
resistant,6
resistor,41
resource,34
resources,142
respect,25
respiration,88
respiratory,21
respond,22
responding,3
response,24
responses,7
responsible,49
rest,109
restaurants,0
restrict,0
result,90
resulted,9
resulting,13
results,79
retail,0
retain,8
retired,1
retreating,0
return,8
returned,5
returns,8
reusable,0
reused,4
revealed,1
reverse,12
review,12
reviewed,0
revised,6
revising,0
revisions,0
revolution,18
revolve,13
revolves,8
revolving,13
ribbon,22
ribosomes,7
ricardo,0
rice,42
rich,42
rid,11
ride,4
rider,0
riders,0
ridge,1
riding,4
rift,0
right,93
rigid,10
rigs,0
rim,8
ring,23
rings,16
ripening,2
rise,70
rises,43
rising,23
risk,6
risky,1
river,51
riverbanks,0
riverbed,0
rivers,59
rna,3
road,51
roads,25
roadside,16
roasts,0
robert,12
roberta,0
robins,0
robots,0
rock,40
rockforming,0
rocks,33
rocky,3
rod,56
rodents,2
role,58
roles,4
roll,12
rolled,8
roller,0
rolling,24
rolls,7
roof,8
roofing,1
room,80
root,55
roots,132
rope,11
rossby,0
rotate,29
rotates,17
rotation,27
rotational,2
rotting,5
rough,24
round,39
routes,1
row,6
rowers,0
rowing,3
rows,8
roy,0
rr,7
rub,20
rubbed,18
rubber,93
rubbing,18
rubs,2
rule,28
ruler,6
run,32
running,30
runoff,1
runs,10
runway,0
rust,23
rusting,30
rusts,2
rusty,0
sacrificed,2
safe,35
safely,5
safer,6
safest,0
safety,23
sag,0
sage,0
sagebrush,0
sailboat,1
sailboats,0
sale,0
salinity,2
saliva,18
sally,0
salmon,0
salt,193
saltremoving,0
saltwater,1
salty,4
sam,0
sample,47
samples,39
sand,100
sandbars,0
sandy,15
sanitation,17
sank,2
sap,2
saprophytism,0
satellite,21
satisfy,2
saturation,1
saturn,13
saved,4
saves,3
saw,65
says,6
scale,124
scales,16
scar,0
scared,0
scars,2
scatter,12
scattered,10
scatterplot,0
scavengers,0
scents,0
school,177
schools,5
schoolyard,0
science,654
scientific,33
scientifically,0
scientist,22
scientists,35
scissors,4
scorpio,0
scott,0
scraping,1
scratch,5
scratches,1
screen,48
screens,2
screws,3
sea,78
seafloor,0
seal,3
sealed,3
seals,1
sean,0
search,10
seas,10
seashell,0
seashells,0
seashore,1
seaside,0
season,37
seasonal,1
seasons,5
seawater,13
second,121
secondary,24
secondlevel,0
seconds,25
sections,21
security,1
sediment,0
sedimentary,0
sedimentation,6
sediments,0
see,503
seed,53
seedless,0
seedlings,9
seeds,170
seeing,8
seem,27
seen,300
sees,5
segments,5
select,22
selected,18
selection,21
selective,1
selenium,0
sell,1
semaphore,0
semiaquatic,0
semiarid,1
semiliquid,0
send,14
sending,2
sends,6
senses,6
sentence,2
separate,125
separated,62
separates,5
separating,29
separation,48
september,3
sequence,9
sequoia,0
series,83
serve,10
service,8
serving,1
set,74
sets,26
setting,6
settle,16
settles,3
settling,1
setup,6
several,95
severe,19
severity,2
sex,40
sexual,65
sexually,10
shade,12
shadetolerant,0
shadow,36
shake,20
shakes,0
shallow,4
shallower,0
shallowrooted,0
shape,156
shaped,17
shapes,50
share,28
shared,13
sharp,36
sharpened,1
shatter,1
shatters,0
shed,4
shedding,0
sheep,49
sheet,133
sheets,17
shellfish,2
shells,39
shelter,29
shelves,1
shield,2
shielding,0
shifting,0
shine,8
shines,2
shingles,0
shining,10
shiny,23
ship,8
shipping,0
ships,13
shirt,3
shoe,4
shop,19
shopping,4
shore,2
shoreline,0
short,60
shortage,17
shortened,0
shortens,1
shorter,23
shortest,4
shortlived,0
shortterm,3
show,134
showed,14
shower,1
showing,40
shown,353
shows,109
shredding,0
shrubs,15
shuttle,1
si,42
sickle,4
side,137
sides,45
sidewalk,0
sierra,0
sight,11
sign,32
signal,17
signals,19
significance,6
significant,5
significantly,6
silence,0
silt,7
silver,52
similar,175
similarity,10
similarly,107
simple,113
simpler,21
since,146
single,109
singlecelled,15
sink,20
sinking,0
sirna,0
sister,3
sisters,0
sit,11
site,13
sites,10
sitting,22
situation,51
six,19
size,205
sized,7
sizes,28
skateboarding,0
skates,0
skeletal,6
skills,2
skin,63
sky,79
sled,0
sledgehammer,0
sleek,0
sleep,3
sleeping,4
slices,4
slide,36
slides,5
sliding,20
slight,4
slippery,4
sloths,0
slow,31
slowed,1
slower,11
slowest,2
slowing,1
slowly,52
slowmoving,0
slows,10
small,384
smaller,87
smallest,19
smell,46
smelling,1
smells,1
smog,4
smogfilled,0
smoke,47
smoking,5
smooth,27
smoother,0
snack,1
snake,7
snakes,13
sneezing,2
snow,22
snowcovered,2
snowfall,1
snowflakes,0
snowstorm,0
snuff,0
soak,6
soaked,3
soap,39
soar,0
social,17
society,9
soda,49
sodium,192
soft,42
softball,0
softbodied,0
softest,0
soil,542
soils,19
solar,96
solarpowered,0
sold,11
solid,104
solidifies,1
solids,34
soluble,29
solute,28
solution,454
solutions,68
solve,8
solved,3
solvent,20
solving,5
somatic,0
someone,22
something,38
sometimes,127
somewhat,14
son,0
soon,31
sort,6
sound,350
soup,0
source,165
sources,140
south,43
southeast,1
southern,2
southward,0
southwest,2
soybeans,0
space,61
spacecraft,3
spaces,25
span,1
sparrows,0
special,64
specialized,0
species,121
specific,50
specifically,3
specimen,0
speed,285
speeding,2
speedometer,2
speeds,11
spend,5
sperm,23
spheres,6
spherical,80
spider,4
spiders,3
spill,7
spills,2
spin,4
spinal,10
spines,1
spiraling,0
split,13
splits,3
spoil,7
spores,12
sports,6
sprayed,4
spraying,4
spread,73
spreading,9
spreads,4
spring,26
springtime,0
sprinklers,0
sprout,2
sq,0
square,23
squeezing,1
squinting,0
squirrel,10
squirrels,5
ss,0
st,4
stability,5
stabilize,0
stabilizes,0
stable,13
stack,0
stage,26
stages,27
stained,2
stand,55
standardized,0
standing,21
star,52
starches,0
starling,0
starlings,0
stars,88
start,61
started,40
starting,18
starts,43
state,169
stated,14
statement,19
statements,33
states,39
static,17
station,15
stations,12
statistical,0
statue,6
stay,22
staying,4
stays,1
steadily,4
steam,28
steel,31
steep,2
steepness,0
steering,0
steller,0
stem,79
stems,30
step,46
stepping,0
steps,44
sterile,1
stick,72
sticks,6
stiff,3
still,69
stilt,0
stimulate,1
stimulates,4
stimuli,13
stimulus,5
stirred,1
stirring,8
stitching,5
stock,0
stomach,53
stone,78
stop,49
stopped,9
stops,22
stopwatch,2
storage,33
store,21
stored,63
stores,9
storing,12
storm,11
stormy,0
story,25
stove,12
stow,0
straight,125
strand,3
straw,27
streak,3
streaks,3
stream,12
streams,11
street,7
streets,4
strength,20
strengthened,0
strengthens,0
stress,7
stretched,20
strike,23
strikes,16
strikeslip,0
striking,12
string,50
stripped,0
stripping,0
strokes,1
strong,67
stronger,5
strongest,0
struck,10
structural,15
structure,142
structures,68
student,13
students,38
studied,62
studies,13
study,115
studying,14
sturgeon,0
sturgeons,0
style,6
subatomic,12
subdivide,0
subduct,0
subduction,0
subject,12
subjected,3
submarines,3
submerged,11
substance,155
substances,277
subsystems,0
subunits,0
successfully,4
succession,4
sudden,16
sufficient,33
sugar,89
sugarcane,11
sugars,10
suggest,39
suggested,47
suggests,17
suited,3
sulfide,0
sulfur,0
summarizing,0
summer,43
summers,5
sun,228
sunflower,6
sunflowers,1
sunglass,0
sunglasses,0
sunken,2
sunlight,109
sunny,8
sunrise,26
suns,4
sunset,26
sunshine,2
sunspots,2
suntan,0
supergrow,0
superposition,0
supplied,19
supplies,8
supply,68
supplying,7
support,32
supported,4
supports,12
suppose,51
sure,38
surface,310
surfacecracking,0
surfaces,64
surge,0
surgery,5
surgical,3
surrounding,28
surroundings,59
survey,13
survival,33
survive,38
survived,2
surviving,4
suspect,0
suspension,18
sustainability,4
sweat,17
sweater,3
sweating,0
sweep,1
swim,9
swimmer,1
swimming,12
swims,3
switch,82
symptoms,12
synthesis,17
system,251
systems,42
table,554
tables,5
tablets,4
tadpole,5
tadpoles,7
tail,24
take,633
taken,194
takes,127
taking,73
talking,12
tall,45
tallest,1
talons,0
tame,0
tank,20
tannin,0
tanya,0
tapeworm,0
tapeworms,1
taps,16
target,11
task,8
tasmanian,0
taste,42
taxonomic,0
tea,30
teacher,60
team,27
tears,1
teaspoons,1
technique,20
techniques,16
technological,4
technologies,4
technology,22
tectonic,0
tectonics,0
tee,0
teeth,51
telephone,8
telescope,7
telescopes,7
television,13
televisions,1
tell,44
tells,22
telophase,0
temperature,281
temperatures,23
temporary,9
ten,21
tend,14
tends,8
tension,0
term,27
terms,44
terrain,1
terrarium,0
terrestrial,17
tertiary,1
test,225
testable,0
tested,17
testing,17
tests,13
texture,13
th,23
theaters,0
theories,4
theory,29
therefore,172
thermal,12
thermometer,80
thermometers,10
thick,72
thicker,20
thickness,6
thin,78
thing,16
things,131
think,268
thinking,26
thinks,5
third,39
thirst,0
thirsty,0
thomas,3
thorns,1
thoroughly,4
though,41
thought,44
thoughtful,0
thousands,15
threatened,8
three,183
threequarters,0
threeweek,0
threw,1
throughout,35
throw,28
throwing,7
thrown,29
throws,3
thrust,14
thunder,14
thunderstorms,7
thymine,0
tidal,5
tide,0
tides,4
tie,27
tiger,10
tile,0
tilt,8
tilted,8
tilts,0
time,626
timed,0
times,117
tin,18
tinted,1
tiny,51
tipping,0
tips,9
tire,0
tissue,159
tissues,99
title,0
toast,0
toasted,0
toaster,4
tobacco,0
today,23
together,129
told,31
tomato,5
tongue,13
tonya,0
took,30
tool,4
tools,17
toothed,0
top,63
topography,0
tops,2
topsoil,8
tori,0
tornado,9
tornadoes,3
total,104
touch,92
touched,6
touches,7
touching,25
tour,0
toward,3
towards,171
towel,5
towels,2
tower,9
towers,0
town,23
toxic,7
toy,21
toys,18
trachea,3
track,20
tracking,1
tractor,2
tradeoff,0
trail,1
train,27
trait,21
traits,28
transcription,0
transfer,46
transferred,25
transfers,3
transform,2
transformation,7
transformations,2
transformed,5
transgenic,0
transitional,0
translucent,16
transmitted,26
transmitter,4
transparent,46
transpiration,33
transport,74
transportation,20
transporting,1
transports,11
transverse,9
trap,3
trapped,18
trash,0
trashcan,0
travel,63
traveled,0
traveling,0
travels,42
tray,14
treadmill,0
treat,15
treating,9
treatment,44
treats,1
tree,35
trees,145
trench,0
trenches,0
trend,1
trial,0
trials,1
triggers,1
trip,13
triplebeam,0
tripled,1
trna,0
trophic,17
tropical,25
tropics,0
troposphere,0
truck,13
true,49
trunk,3
try,222
trying,15
tsunamis,1
tub,4
tube,230
tubelike,1
tubes,73
tulip,0
tulips,0
tumor,0
tumors,0
tundra,0
turbidity,0
turn,51
turned,14
turning,9
turns,36
turtle,1
turtles,1
tweezers,0
twelve,5
twentyfour,0
twice,11
twigs,3
two,838
twochambered,0
type,136
types,141
typical,11
ultraviolet,7
unable,5
unacceptable,5
unaffected,2
unattached,0
unbalanced,28
unchanged,6
uncontrollable,0
uncontrolled,1
uncover,0
undergo,9
undergoing,1
underground,19
understand,94
understanding,14
understands,1
understood,4
underwater,3
unexpected,1
unglazed,0
unhappy,0
unhealthy,0
unicellular,19
uniformity,2
unimportant,1
unintended,0
unique,13
unit,195
united,5
units,68
universal,23
universe,7
unknown,8
unless,12
unlike,22
unlikely,3
unlimited,2
unpiloted,0
unrelated,1
unsafe,0
unstable,2
unsustainable,0
unusual,1
upgrades,0
uplift,0
uplifting,0
upon,49
upper,30
upriver,0
uprooted,0
upset,2
upstream,0
upward,23
upwelling,0
uracil,0
urinate,2
us,724
usable,11
usage,8
use,578
used,749
useful,65
uses,65
ushaped,0
using,260
usually,112
uv,6
v,347
vaccination,7
vacuole,16
vacuoles,16
vacuum,18
vacuums,0
valence,24
valid,5
validate,1
validity,0
valley,5
valleys,3
valuable,21
value,76
van,2
vane,0
vapor,0
vaporization,0
vaporized,0
variable,11
variables,1
variation,33
varied,8
varies,21
varieties,22
variety,102
various,264
vary,21
vascular,14
vegas,0
vegetable,25
vegetables,43
vehicles,38
velocity,208
verified,3
versus,3
vertebrates,8
vertically,24
vessels,53
vestigial,0
vests,0
vibrate,11
vibrations,17
viewed,5
viewing,0
vinegar,32
virus,22
viruses,27
visible,71
vision,32
visual,6
visually,17
vitamin,29
vitamins,30
vocal,11
voice,32
volatile,5
volcanic,2
volcanism,0
volcano,1
volcanoes,1
voltage,8
volts,4
volume,37
volumes,5
volvox,0
voyager,0
vshaped,0
w,94
waiting,2
walk,32
walked,1
walking,20
walks,2
wall,97
walls,55
walter,0
waning,1
want,32
wanted,18
wants,55
warbler,0
warblers,0
warm,64
warmblooded,3
warmed,1
warmer,5
warming,22
warmseason,0
warmth,3
warn,2
warning,7
wash,15
washing,28
washington,0
waste,146
wasted,5
wastes,49
watch,24
watched,0
water,2419
watercycle,4
watered,4
waterfall,1
watering,9
waterproof,1
waters,7
watershed,6
waterways,0
watts,2
wave,63
wavelength,14
wavelengths,9
waves,51
wax,21
waxing,0
way,179
ways,106
weak,30
weakens,1
wear,20
wearing,7
weather,80
weathered,0
weathering,2
web,3
webbed,1
webpage,0
webs,3
weeds,35
week,22
weekend,0
weekly,0
weeks,10
weigh,7
weight,91
weights,3
well,140
welldrained,0
wells,28
went,24
west,30
western,9
wet,46
wetland,1
wetlands,1
whales,6
wheat,53
wheel,18
wheels,7
whether,141
whisper,2
whistle,1
white,122
whiteflies,0
whitespotted,0
whitetailed,0
whole,48
whose,35
wide,30
widely,15
wider,11
widespread,1
width,15
wild,26
wildlife,34
wilt,1
win,0
wind,95
windier,0
windmills,4
window,14
windows,8
windowsill,0
winds,53
windshield,1
wing,9
wings,17
winner,1
winning,1
winter,35
winters,8
wintry,0
wipe,3
wiper,0
wipes,0
wire,213
wires,81
wishes,0
within,53
without,150
withstand,5
wobbles,0
wolf,2
wolves,0
woman,10
women,20
wood,88
wooded,0
wooden,49
woodfree,0
woodpecker,0
woody,1
woolly,1
word,41
words,64
work,260
worked,11
worker,3
workers,8
working,48
works,20
world,84
worm,4
worms,16
would,533
wounds,3
wrap,16
wrinkled,6
wrist,6
write,131
writing,22
written,40
wrong,11
wrote,6
wyoming,0
x,83
xaxis,21
xylem,31
yard,2
yardstick,0
yarn,39
year,75
years,122
yeast,43
yellow,25
yellowstone,0
yes,38
yet,28
yogurt,0
young,45
younger,2
z,15
zero,51
zinc,77
zn,17
zncl,0
zone,18
zones,8
zoo,7
zygote,37
